presence,variable,value,yr_scen,taxa
0,wb_ssp585_2001-2020,0.03013261809298965,current_ssp585,trout
0,CMD_ssp585_2001-2020,0.08034922171464497,current_ssp585,trout
0,inuncoast_historical_wtsub_hist_rp0005_0,0.0015561219247943745,current_ssp585,trout
0,species_Tavg_ssp585_2001-2020,0.9526983606595639,current_ssp585,trout
1,wb_ssp585_2001-2020,6.733057130826785e-5,current_ssp585,trout
1,CMD_ssp585_2001-2020,0.09030607403445112,current_ssp585,trout
1,inuncoast_historical_wtsub_hist_rp0005_0,0.001900986343792038,current_ssp585,trout
1,species_Tavg_ssp585_2001-2020,0.24946682691370514,current_ssp585,trout
